,title,company,salary,summary
0,Jr Developer - Salesforce,"Liberty IT Solutions, LLC",Salary Not Listed,"2+ years of industry experience as a Salesforce Developer or other IT developer.
The Jr Developer, Salesforce works in all aspects of Salesforce DevOps…"
1,"Junior SailPoint Developer, Remote","SecureITsource, Inc.",Salary Not Listed,"This SailPoint developer will require a strong understanding of Java programming language and should be a proven self-starter with the ability to problem-solve,…"
2,Junior ServiceNow Developer (Remote),Koniag Management Solutions,Salary Not Listed,"We offer competitive compensation and an extraordinary benefits package including health, dental and vision insurance, 401K with company matching, flexible…"
3,Jr. Java Developer: REMOTE POSITION,Le Fant LLC,Salary Not Listed,"We offer 40lK matching, customized health plans, dental and vision insurance, life insurance, short and long term disability coverage, an incentives program to…"
4,Software Engineering Manager,Food52,"$100,000 - $175,000 a year","Provide technical guidance and mentorship to more junior members of the team.
While our engineering managers are strong engineers themselves and often pitch in,…"
5,Junior Angular Developer - 100% Remote,"Spatial Front, Inc.",Salary Not Listed,"The primary function is to update the UI Code as Required by our User Stories.
This includes an Angular application using AG-Grid as the data review software."
6,Junior Java Developer,Learn Beyond Consulting LLC,$31 - $59 an hour,"Only OPT, CPT and H4EAD will works, Strictly No H1B.*.
Min 3-5years of experience in the below areas: *.
JSP, Typescript, HTML, custom tags, CSS, JavaScript,…"
7,Junior Developer / Test Automation Engineer,Anthology Inc.,Salary Not Listed,"As a Junior Software Developer, you will develop API Automation test solutions against the student information system by studying operations, designing and…"
8,Jr. DevOps Engineer,Genesys,Salary Not Listed,"Genesys is bringing that innovation to customers through multi-cloud deployments in AWS, Azure, and Google Cloud.
Bachelor’s degree in computer science."
9,Junior Full Stack Engineer,Clyde,Salary Not Listed,"What's Clyde - Clyde is an end-to-end product protection platform that is rethinking the way retailers increase loyalty and drive revenue, and the way customers…"
10,"Cloud Engineer, Junior",Booz Allen Hamilton,Salary Not Listed,"You’ll recommend tools and capabilities based on your research of the current environment and knowledge of various on-premise, Cloud-based, and hybrid resources…"
11,Junior Full Stack PHP Engineer,The Lifetime Value Co.,Salary Not Listed,"BS or MS in Computer Science, Math, Engineering, or even a developer bootcamp.
If you're comfortable developing high-performance web pages, helping with…"
12,Junior/Journeyman Full Stack Developer (Remote),ERP International,Salary Not Listed,ERP International LLC is currently seeking multiple Junior/Journeyman Full-Stack Developers (Remote) with experience developing Cloud-native applications using…
13,"Software Product Engineer (Junior, Mid-Level, & Senior)",AM LLC,Salary Not Listed,"AM LLC is seeking (12) Software Product Engineers to support our VA customer for this immediate-hire role.
U.S. Citizenship or Green Card required."
14,Junior DevOps Engineer,i3 Verticals,Salary Not Listed,"Maintain a portfolio of templates, scripts, and configurations for developers to use when building out new environments or applications."
15,Jr. Software Engineer (Games),Keywords Studios,Salary Not Listed,"The candidate should have deep knowledge using C++/C#, but also the ability to transition to any tool or language as needed.
Working knowledge of C++ and/or C#."
16,Jr. Backend Developer - Drupal,Third and Grove,Salary Not Listed,"We love clean code, front-end performance, pull requests, and tasty craft beer.
1+ years of professional experience with Wordpress, Drupal, Symfony, Node or…"
17,Junior Full Stack Engineer,Clyde,Salary Not Listed,"What's Clyde - Clyde is an end-to-end product protection platform that is rethinking the way retailers increase loyalty and drive revenue, and the way customers…"
18,Software Developer - React (Jr),Buchanan & Edwards,Salary Not Listed,"The qualified applicant will become part of our client's Department of State (DOS) Consular Systems Modernization (CSM) Program, for the Bureau of Consular…"
19,Junior Java-AWS Software Engineer,Robert Half,Salary Not Listed,"Junior Java-AWS Software Engineer.
The engineering team works in close partnership with our business partners to help fuel growth and revenue goals for Robert…"
20,Junior-Mid Software Engineer Level II,"Global InfoTek, Inc.",Salary Not Listed,"Education Level: Bachelor's Degree in a highly quantitative field (Computer Science, Machine Learning, Operational Research, Statistics, Mathematics, etc.)."
21,Dot Net Developer,CCS Global Tech,"$90,000 - $110,000 a year","Provide guidance to junior members of the team.
This is a jr level role looking for someone with 1-5 years of experience.
Perform server and security audits."
22,Jr. Azure Cloud Engineer,Applied Information Sciences,Salary Not Listed,"2 years of experience in systems engineering, designing platforms to support developers.
Employ excellent client-facing and consulting skills to create…"
23,"Junior SailPoint Developer, Remote","SecureITsource, Inc.",Salary Not Listed,"This SailPoint developer will require a strong understanding of Java programming language and should be a proven self-starter with the ability to problem-solve,…"
24,"Software Product Engineer (Junior, Mid-Level, & Senior)",AM LLC,Salary Not Listed,"AM LLC is seeking (12) Software Product Engineers to support our VA customer for this immediate-hire role.
U.S. Citizenship or Green Card required."
25,Jr. Full-Stack Developer,Origami Risk,Salary Not Listed,"As a Full-stack Developer, you will provide feedback on existing products and contribute to the design of new product features."
26,"Junior Software Developer ( Orlando, FL )",AssistRx,Salary Not Listed,"Bachelor’s degree in Computer Science, Business Information Systems or related field or equivalent work experience is required."
27,Junior .NET Software Engineer,"Clark Associates, Inc.",Salary Not Listed,"This includes full-stack development of both customer-facing solutions as well as internal tooling.
4 year degree in related field or equivalent work experience…"
28,"Cloud Engineer, Junior",Booz Allen Hamilton,Salary Not Listed,"You’ll recommend tools and capabilities based on your research of the current environment and knowledge of various on-premise, Cloud-based, and hybrid resources…"
29,Front End Engineer,Adobe,Salary Not Listed,The Adobe Analytics platform processes billions of web visits resulting in petabytes of rich data just waiting to reveal business insights.
30,Junior Back End Engineer,Gas Media Group,Salary Not Listed,"Ability to work with fellow frontend developers on required API feature.
This role will develop backend API's for our services."
31,Junior Software Developer (Remote),"Mythics, Inc.",Salary Not Listed,"Collaborate with business analysts, other developers, and test engineers within Agile Scrum teams to produce high-quality software that delivers business value…"
32,Software Developer Java - Junior,Peraton,"Up to $121,805 a year",We are looking for Software Developer(s)- Java for a remote opportunity in support of our Defense Solutions Sector .
33,Junior RPA Developer (Work from Home Eligible),SWBC,Salary Not Listed,SWBC is seeking a talented individual to serve as a key contributor to Financial Institution Group (FIG) business process automation objectives and to provide…
34,Junior Software Engineer,Serco North America,Salary Not Listed,Customer and Mission: Serco has engineering and program management contracts supporting the Office of the Under Secretary of Defense for Research and…
35,Junior DevOps Engineer,i3 Verticals,Salary Not Listed,"Maintain a portfolio of templates, scripts, and configurations for developers to use when building out new environments or applications."
36,Jr. Front Office Trading Tools Developer,Insyto Technology Services US Inc,Salary Not Listed,"Hybrid Python/Java developer role.
The successful candidate will join as a developer who is responsible to design, develop, test, release and support the US…"
37,Junior React Front-End Developer - VTEX,Pivotree,Salary Not Listed,"We’re looking for a junior react front-end developer to learn VTEX Commerce Platform.
Pivotree provides services focused on the design, implementation,…"
38,Software Engineer -- Senior to Junior,Ezoic,Salary Not Listed,"We've built tools to automatically generate progressive web apps, in-depth reporting dashboards to give publishers novel insights into their users, data…"
39,Jr Level .Net/C# Web Programmer,Foremost Media,"$45,000 - $65,000 a year","This individual should have at least 2 year of experience in development for Microsoft web-based technology platform.
SQL Server, DTS/SSIS, Transact-SQL."
40,Role: Jr Java Developer Location: Remote,Learnbeyond consulting,"$60,000 - $70,000 a year","Min 3-5years of experience in the below areas:
JSP, Typescript, HTML, custom tags, CSS, JavaScript, SQL, OOPS, Core Java, Collections, Multithreading etc."
41,Junior-Mid Software Engineer Level II,"Global InfoTek, Inc.",Salary Not Listed,"Education Level: Bachelor's Degree in a highly quantitative field (Computer Science, Machine Learning, Operational Research, Statistics, Mathematics, etc.)."
42,Salesforce Developer (Remote),GALVIN,Salary Not Listed,"The Salesforce Developer will have a focus on delivering functional solutions on the Salesforce.com platform while taking a lead role in the design,…"
43,Software Developer - Web (Jr),Buchanan & Edwards,Salary Not Listed,"The qualified applicant will become part of our client's Department of State (DOS) Consular Systems Modernization (CSM) Program, for the Bureau of Consular…"
44,Front End Engineer,Adobe,Salary Not Listed,The Adobe Analytics platform processes billions of web visits resulting in petabytes of rich data just waiting to reveal business insights.
45,Jr Developer - Salesforce,"Liberty IT Solutions, LLC",Salary Not Listed,"2+ years of industry experience as a Salesforce Developer or other IT developer.
The Jr Developer, Salesforce works in all aspects of Salesforce DevOps…"
46,"Junior SailPoint Developer, Remote","SecureITsource, Inc.",Salary Not Listed,"This SailPoint developer will require a strong understanding of Java programming language and should be a proven self-starter with the ability to problem-solve,…"
47,Junior ServiceNow Developer (Remote),Koniag Management Solutions,Salary Not Listed,"We offer competitive compensation and an extraordinary benefits package including health, dental and vision insurance, 401K with company matching, flexible…"
48,Jr. Java Developer: REMOTE POSITION,Le Fant LLC,Salary Not Listed,"We offer 40lK matching, customized health plans, dental and vision insurance, life insurance, short and long term disability coverage, an incentives program to…"
49,Software Engineering Manager,Food52,"$100,000 - $175,000 a year","Provide technical guidance and mentorship to more junior members of the team.
While our engineering managers are strong engineers themselves and often pitch in,…"
50,Junior Software Developer - Front End,Evoke Technologies,Salary Not Listed,"Evoke Technologies is currently seeking multiple entry level software developers.
We are looking for developers with 1-2 years of experience using Java Script,…"
51,Junior Angular Developer - 100% Remote,"Spatial Front, Inc.",Salary Not Listed,"The primary function is to update the UI Code as Required by our User Stories.
This includes an Angular application using AG-Grid as the data review software."
52,Junior Java Developer,Learn Beyond Consulting LLC,$31 - $59 an hour,"Only OPT, CPT and H4EAD will works, Strictly No H1B.*.
Min 3-5years of experience in the below areas: *.
JSP, Typescript, HTML, custom tags, CSS, JavaScript,…"
53,Junior Developer / Test Automation Engineer,Anthology Inc.,Salary Not Listed,"As a Junior Software Developer, you will develop API Automation test solutions against the student information system by studying operations, designing and…"
54,Jr. DevOps Engineer,Genesys,Salary Not Listed,"Genesys is bringing that innovation to customers through multi-cloud deployments in AWS, Azure, and Google Cloud.
Bachelor’s degree in computer science."
